date,category,description,amount
2026-09-01,Food,Fictional grocery shop,820
2026-09-03,Transport,Metro card top-up,300
2026-09-05,Education,Programming book,650
2026-09-08,Food,Lunch,180
2026-09-10,Entertainment,Movie ticket,250
2026-09-12,Transport,Bus fare,60
2026-09-15,Food,Groceries,740
2026-09-18,Education,Notebook and pens,220
2026-09-21,Personal Care,Toiletries,340
2026-09-25,Food,Dinner,280
2026-10-01,Transport,Metro card top-up,300
2026-10-03,Food,Fictional grocery shop,910
2026-10-05,Education,Course workbook,480
2026-10-08,Entertainment,Local event ticket,400
2026-10-11,Food,Lunch,200
2026-10-14,Transport,Bus fare,60
2026-10-18,Personal Care,Toiletries,360
2026-10-22,Food,Groceries,780
